{
    "_id": "course",
    "_type": "course",
    "title": "Discovering open data",
    "displayTitle": "Discovering open data",
    "_buttons": {
        "submit": "Submit",
        "reset": "Reset",
        "showCorrectAnswer": "Model Answer",
        "hideCorrectAnswer": "My Answer"
    },
    "_latestTrackingId": 11,
    "_resources": [
    {
        "title": "Resources",
        "description": "Click here to view resources for this course",
        "_filterButtons": {
            "all": "All",
            "document": "PDF",
            "media": "Media",
            "link": "Link"
        },
        "_resourcesItems": [
            {
                "_type": "link",
                "title": "Microsoft Pivot talk",
                "description": "Take me to Microsoft Pivot talk",
                "_link": "http://www.ted.com/talks/gary_flake_is_pivot_a_turning_point_for_web_exploration?language=en"
            },
            {
                "_type": "link",
                "title": "Cool URI definition",
                "description": "Take me to cool URI definition",
                "_link": "http://www.w3.org/TR/cooluris/"
            },
            {
                "_type": "link",
                "title": "RDF browser",
                "description": "Take me to RDF browser",
                "_link": "http://graphite.ecs.soton.ac.uk/browser/"
            }
        ]
    },
    {
        "title": "Modules",
        "description": "Switch to another module",
        "_filterButtons": {
            "all": "All",
            "document": "PDF",
            "media": "Media",
            "link": "Link"
        },
        "_resourcesItems": [
            {
                "_type": "link",
                "title": "Main menu",
                "description": "Main menu",
                "_link": "../"
            },
            {
                "_type": "link",
                "title": "Module 1",
                "description": "What is open data?",
                "_link": "../module1/"
            },
            {
                "_type": "link",
                "title": "Module 2",
                "description": "Unlocking value from open data",
                "_link": "../module2/"
            },
            {
                "_type": "link",
                "title": "Module 3",
                "description": "Open data. Agent of change.",
                "_link": "../module3/"
            },
            {
                "_type": "link",
                "title": "Module 4",
                "description": "Why do we need to license?",
                "_link": "../module4/"
            },
            {
                "_type": "link",
                "title": "Module 5",
                "description": "Assessing open data quality",
                "_link": "../module5/"
            },
            {
                "_type": "link",
                "title": "Module 6",
                "description": "Measuring success",
                "_link": "../module6/"
            },
            {
                "_type": "link",
                "title": "Module 7",
                "description": "Sustainability",
                "_link": "../module7/"
            },
            {
                "_type": "link",
                "title": "Module 8",
                "description": "Open data platforms",
                "_link": "../module8/"
            },
            {
                "_type": "link",
                "title": "Module 9",
                "description": "Open data formats",
                "_link": "../module9/"
            },
            {
                "_type": "link",
                "title": "Module 10",
                "description": "How usable is my data?",
                "_link": "../module10/"
            },
            {
                "_type": "link",
                "title": "Module 11",
                "description": "Turning data into diamonds",
                "_link": "../module11/"
            },
            {
                "_type": "link",
                "title": "Module 12",
                "description": "Excavating hidden data",
                "_link": "../module12/"
            },
            {
                "_type": "link",
                "title": "Module 13",
                "description": "Linking up the web of data",
                "_link": "../module13/"
            }
        ]
    },
    {
        "title": "Image credits",
        "description": "Click here to view image credits for this module",
        "_filterButtons": {
            "all": "All",
            "document": "PDF",
            "media": "Media",
            "link": "Link"
        },
        "_resourcesItems": [
            {
                "_type": "link",
        "title": "What os the web of data?",
        "description": "Source: Shutterstock<br\/>Credit: Anna Frajtova<br\/>Licence: Shutterstock Standard License",
        "_link": "http:\/\/www.shutterstock.com\/pic-137240846"
    },
    {
        "_type": "link",
        "title": "Linking up the web of data",
        "description": "Source: Shutterstock<br\/>Credit: Monash<br\/>Licence: Shutterstock Standard License",
        "_link": "http:\/\/www.shutterstock.com\/pic-221630044"
    },
    {
        "_type": "link",
        "title": "What can LOD do?",
        "description": "Source: Shutterstock<br\/>Credit: Sentavio<br\/>Licence: Shutterstock Standard License",
        "_link": "http:\/\/www.shutterstock.com\/pic-230811505"
    },
    {
        "_type": "link",
        "title": "Stars",
        "description": "Source: Shutterstock<br\/>Credit: Kletr<br\/>Licence: Shutterstock Standard License",
        "_link": "http:\/\/www.shutterstock.com\/pic-109300883"
    },
    {
        "_type": "link",
        "title": "4th Star",
        "description": "Source: Shutterstock<br\/>Credit: Tarchyshnik Andrei<br\/>Licence: Shutterstock Standard License",
        "_link": "http:\/\/www.shutterstock.com\/pic.mhtml?id=180739841&src=lb-36497927"
    },
    {
        "_type": "link",
        "title": "5th Star",
        "description": "Source: Shutterstock<br\/>Credit: Omelchenko<br\/>Licence: Shutterstock Standard License",
        "_link": "http:\/\/www.shutterstock.com\/pic-245326720"
    },
    {
        "_type": "link",
        "title": "Summary icon clipboard",
        "description": "Source: Shutterstock<br\/>Credit: Kritchanut<br\/>Licence: Shutterstock Standard License",
        "_link": "http:\/\/www.shutterstock.com\/pic-189810137.html"
    },
    {
        "_type": "link",
        "title": "Open data institute logo",
        "description": "Source: The Open Data Institute<br\/>Credit: The Open Data Institute<br\/>Licence: All rights reserved",
        "_link": "http:\/\/theodi.org"
            }	
	]
    },
    {
        "title": "Music credits",
        "description": "Click here to view image credits for this module",
        "_filterButtons": {
            "all": "All",
            "document": "PDF",
            "media": "Media",
            "link": "Link"
        },
        "_resourcesItems": [
        {
        "_type": "link",
        "title": "Your World - Delicate Beats",
        "description": "Source: Premium Beat<br\/>Credit: leromin<br\/>Licence: Premium Beat Standard License",
        "_link": "http:\/\/www.premiumbeat.com\/royalty_free_music/songs/your-world"
    }
    ]
    },
    {
        "title": "Open data",
        "description": "Use the content of this module as open data",
        "_filterButtons": {
            "all": "All",
            "document": "PDF",
            "media": "Media",
            "link": "Link"
        },
        "_resourcesItems": [
            {
                "_type": "link",
                "title": "Open data",
                "description": "<div align='center'><img alt='Creative Commons Licence' style='border-width:0' src='https://i.creativecommons.org/l/by-sa/4.0/88x31.png' /></div><br /><span xmlns:dct='http://purl.org/dc/terms/' property='dct:title'>Learning open data</span> by <span xmlns:cc='http://creativecommons.org/ns# property='cc:attributionName'>Open Data Institute</span> is licensed under a Creative Commons Attribution-ShareAlike 4.0 International License.",
                "_link": "http://creativecommons.org/licenses/by-sa/4.0/"
            },
	    {
                "_type": "link",
                "title": "Content licence",
                "description": "The content, including text and structure is available for you to <em>use</em>, <em>reuse</em> and <em>share</em> (including for commercial purposes) subject to the conditions of the license above.",
                "_link": ""
	    },
	    {
                "_type": "link",
                "title": "Exclusions",
                "description": "This license does not cover: <ul><li>Logos and trade marks belonging to the Open Data Institute</li><li>Third party content (such as images)</li></ul>",
                "_link": ""
	    },
	    {
                "_type": "link",
                "title": "Non-endorsement",
                "description": "This licence does not grant you any right to use the Information in a way that suggests any official status or that the Information Provider and/or Licensor endorse you or your use of the Information.",
                "_link": ""
	    },
	    {
                "_type": "link",
                "title": "No warranty",
                "description": "The Information is licensed 'as is'. The Open Data Institute is not liable for any errors or omissions in the Information and shall not be liable for any loss, injury or damage of any kind caused by its use. The Information Provider does not guarantee the continued supply of the Information.",
                "_link": ""
	    }
	]
    }
]
}
