[
    {
        "_id": "b-01",
        "_parentId": "a-01",
        "_type": "block",
        "_classes": "",
        "_trackingId": 0,
        "_trickle": {
            "_isEnabled":false,
            "button": "Continue"
        }
    },
    {
        "_id": "b-10",
        "_parentId": "a-01",
        "_type": "block",
        "_classes": "inverted",
        "_trackingId": 1,
        "_trickle": {
            "_isEnabled":false,
            "button": "Continue"
        }
    },
    {
        "_id": "b-20",
        "_parentId": "a-01",
        "_type": "block",
        "_classes": "",
        "_trackingId": 2,
        "_trickle": {
            "_isEnabled":false,
            "button": "Continue"
        }
    },
    {
        "_id": "b-25",
        "_parentId": "a-01",
        "_type": "block",
        "_classes": "inverted",
        "_trackingId": 3,
        "_trickle": {
            "_isEnabled":false,
            "button": "Continue"
        }
    },
    {
        "_id": "b-28",
        "_parentId": "a-01",
        "_type": "block",
        "_classes": "",
        "_trackingId": 4,
        "_trickle": {
            "_isEnabled":false,
            "button": "Continue"
        }
    },
    {
        "_id": "b-30",
        "_parentId": "a-01",
        "_type": "block",
        "_classes": "inverted",
        "_trackingId": 5,
        "_trickle": {
            "_isEnabled":false,
            "button": "Continue"
        }
    },
    {
        "_id": "b-33",
        "_parentId": "a-01",
        "_type": "block",
        "_classes": "",
        "_trackingId": 6,
        "_trickle": {
            "_isEnabled":false,
            "button": "Continue"
        }
    },
    {
        "_id": "b-35",
        "_parentId": "a-01",
        "_type": "block",
        "_classes": "inverted",
        "_trackingId": 7,
        "_trickle": {
            "_isEnabled":false,
            "button": "Continue"
        }
    },
    {
        "_id": "b-40",
        "_parentId": "a-01",
        "_type": "block",
        "_classes": "",
        "_trackingId": 8,
        "_trickle": {
            "_isEnabled":false,
            "button": "Continue"
        }
    },
    {
        "_id": "b-45",
        "_parentId": "a-01",
        "_type": "block",
        "_classes": "inverted",
        "_trackingId": 9,
        "_trickle": {
            "_isEnabled":false,
            "button": "Continue"
        }
    },
    {
        "_id": "b-55",
        "_parentId": "a-01",
        "_type": "block",
        "_classes": "summary",
        "_trackingId": 11,
        "_trickle": {
            "_isEnabled":false,
            "button": "Continue"
        }
    }
]
