{
    "_id": "course",
    "_type": "course",
    "title": "Choosing the right format for open data",
    "displayTitle": "Choosing the right format for open data",
    "_buttons": {
        "submit": "Submit",
        "reset": "Reset",
        "showCorrectAnswer": "Model Answer",
        "hideCorrectAnswer": "My Answer"
    },
    "_latestTrackingId": 11,
    "_resources": [
    {
        "title": "Resources",
        "description": "Click here to view resources for this course",
        "_filterButtons": {
            "all": "All",
            "document": "PDF",
            "media": "Media",
            "link": "Link"
        },
        "_resourcesItems": [
            {
                "_type": "link",
                "title": "Italian open data portal",
                "description": "Take me to Itaian open data portal",
                "_link": "http://www.datiopen.it/opendata/Visitatori_musei_pubblici_e_similari_titolo_d_accesso"
            },
            {
                "_type": "link",
                "title": "Gov.uk business data",
                "description": "Take me to Gov.uk business data",
                "_link": "https://www.gov.uk/browse/business.json"
            },
            {
                "_type": "link",
                "title": "iRail API",
                "description": "Take me to iRail API",
                "_link": "https://hello.irail.be/api/1-0/"
            },
            {
                "_type": "link",
                "title": "geoJSON format",
                "description": "Take me to geoJSON information",
                "_link": "https://en.wikipedia.org/wiki/GeoJSON"
            },
            {
                "_type": "link",
                "title": "KML format",
                "description": "Take me to KML information",
                "_link": "https://en.wikipedia.org/wiki/KML"
            },
            {
                "_type": "link",
                "title": "Open Street Map",
                "description": "Take me to Open Street Map",
                "_link": "http://www.openstreetmap.org/"
            },
            {
                "_type": "link",
                "title": "CartoDB",
                "description": "Take me to CartoDB",
                "_link": "https://cartodb.com"
            }
	   
        ]
    },
    {
        "title": "Modules",
        "description": "Switch to another module",
        "_filterButtons": {
            "all": "All",
            "document": "PDF",
            "media": "Media",
            "link": "Link"
        },
        "_resourcesItems": [
            {
                "_type": "link",
                "_local": "true",		"title": "Main menu",
                "description": "Main menu",
                "_link": "../"
            },
            {
                "_type": "link",
                "_local": "true",		"title": "Module 1",
                "description": "What is open data?",
                "_link": "../module1/"
            },
            {
                "_type": "link",
                "_local": "true",		"title": "Module 2",
                "description": "Unlocking value from open data",
                "_link": "../module2/"
            },
            {
                "_type": "link",
                "_local": "true",		"title": "Module 3",
                "description": "Open data. Agent of change.",
                "_link": "../module3/"
            },
            {
                "_type": "link",
                "_local": "true",		"title": "Module 4",
                "description": "Why do we need to license?",
                "_link": "../module4/"
            },
            {
                "_type": "link",
                "_local": "true",		"title": "Module 5",
                "description": "What makes quality open data?",
                "_link": "../module5/"
            },
            {
                "_type": "link",
                "_local": "true",		"title": "Module 6",
                "description": "Measuring success for open data",
                "_link": "../module6/"
            },
            {
                "_type": "link",
                "_local": "true",		"title": "Module 7",
                "description": "Why should we worry about sustainability?",
                "_link": "../module7/"
            },
            {
                "_type": "link",
                "_local": "true",		"title": "Module 8",
                "description": "Getting to grips with platforms",
                "_link": "../module8/"
            },
            {
                "_type": "link",
                "_local": "true",		"title": "Module 9",
                "description": "Choosing the right format for open data",
                "_link": "../module9/"
            },
            {
                "_type": "link",
                "_local": "true",		"title": "Module 10",
                "description": "How useful is my data?",
                "_link": "../module10/"
            },
            {
                "_type": "link",
                "_local": "true",		"title": "Module 11",
                "description": "How to clean your data",
                "_link": "../module11/"
            },
            {
                "_type": "link",
                "_local": "true",		"title": "Module 12",
                "description": "Finding hidden data on the web",
                "_link": "../module12/"
            },
            {
                "_type": "link",
                "_local": "true",		"title": "Module 13",
                "description": "Linking up the web of data",
                "_link": "../module13/"
            }
        ]
    },
    {
        "title": "Image credits",
        "description": "Click here to view image credits for this module",
        "_filterButtons": {
            "all": "All",
            "document": "PDF",
            "media": "Media",
            "link": "Link"
        },
        "_resourcesItems": [
    {
        "_type": "link",
        "title": "Usability",
        "description": "Source: Shutterstock<br\/>Credit: Sentavio<br\/>Licence: ",
        "_link": "http:\/\/www.shutterstock.com\/pic.mhtml?id=234298726&src=id"
    },
    {
        "_type": "link",
        "title": "Management",
        "description": "Source: Shutterstock<br\/>Credit: Meilun<br\/>Licence: ",
        "_link": "http:\/\/www.shutterstock.com\/pic.mhtml?id=254601265&src=id"
    },
    {
        "_type": "link",
        "title": "Access",
        "description": "Source: Shutterstock<br\/>Credit: Brian Senic<br\/>Licence: ",
        "_link": "http:\/\/www.shutterstock.com\/pic.mhtml?id=238197199&src=id"
    },
    {
        "_type": "link",
        "title": "Tabular",
        "description": "Source: Shutterstock<br\/>Credit: benjaminec<br\/>Licence: ",
        "_link": "http:\/\/www.shutterstock.com\/pic.mhtml?id=262874696&src=id"
    },
    {
        "_type": "link",
        "title": "Hierarchical",
        "description": "Source: Shutterstock<br\/>Credit: tovovan<br\/>Licence: ",
        "_link": "http:\/\/www.shutterstock.com\/pic.mhtml?id=103051607&src=id"
    },
    {
        "_type": "link",
        "title": "Network",
        "description": "Source: Shutterstock<br\/>Credit: Ovchinnkov Vladimir<br\/>Licence: ",
        "_link": "http:\/\/www.shutterstock.com\/pic.mhtml?id=136115477&src=id"
    },
    {
        "_type": "link",
        "title": "Accessing right data format",
        "description": "Source: Shutterstock<br\/>Credit: Ing. Andrej Kaprinay<br\/>Licence: ",
        "_link": "http:\/\/www.shutterstock.com\/pic-199692071"
    },
    {
        "_type": "link",
        "title": "CSV",
        "description": "Source: Shutterstock<br\/>Credit: Blan-k<br\/>Licence: ",
        "_link": "http:\/\/www.shutterstock.com\/pic.mhtml?id=205002868&src=id"
    },
    {
        "_type": "link",
        "title": "Geospatial data",
        "description": "Source: Shutterstock<br\/>Credit: Mikael Damkier<br\/>Licence: Shutterstock Standard License",
        "_link": "http:\/\/www.shutterstock.com\/pic-53095825.html"
    },
    {
        "_type": "link",
        "title": "Structure",
        "description": "Source: Unclear<br\/>Credit: UNISON<br\/>Licence: ",
        "_link": "http:\/\/businesscasestudies.co.uk\/unison\/developing-responsiveness-through-organisational-structure\/job-roles-within-a-trade-union.html#axzz3eADPmy4F"
    },
    {
        "_type": "link",
        "title": "Format image",
        "description": "Source: Shutterstock<br\/>Credit: Blan-k<br\/>Licence: ",
        "_link": "http:\/\/www.shutterstock.com\/pic.mhtml?id=205002868&src=id"
    },
    {
        "_type": "link",
        "title": "Summary icon clipboard",
        "description": "Source: Shutterstock<br\/>Credit: Kritchanut<br\/>Licence: ",
        "_link": "http:\/\/www.shutterstock.com\/pic-189810137.html"
    },
    {
        "_type": "link",
        "title": "Open data institute logo",
        "description": "Source: The Open Data Institute<br\/>Credit: The Open Data Institute<br\/>Licence: ",
        "_link": "http:\/\/theodi.org"
    }
	]
    },
    {
        "title": "Music credits",
        "description": "Click here to view image credits for this module",
        "_filterButtons": {
            "all": "All",
            "document": "PDF",
            "media": "Media",
            "link": "Link"
        },
        "_resourcesItems": [
        {
        "_type": "link",
        "title": "Your World - Delicate Beats",
        "description": "Source: Premium Beat<br\/>Credit: leromin<br\/>Licence: Premium Beat Standard License",
        "_link": "http:\/\/www.premiumbeat.com\/royalty_free_music/songs/your-world"
    }
    ]
    },
          {
        "title": "Open data",
        "description": "Use the content of this module as open data",
        "_filterButtons": {
            "all": "All",
            "document": "PDF",
            "media": "Media",
            "link": "Link"
        },
        "_resourcesItems": [
            {
                "_type": "link",
                "title": "<div align='center'><img class='download-image' src='adapt/css/assets/download.png'><p class='downloadp'>Download module data</p></div>",
                "description": "",
                "_link": "course/en/components.json"
            },
            {
                "_type": "link",
                "title": "<div align='center'><img class='download-image' src='adapt/css/assets/download.png'><p class='downloadp'>Download sidebar data</p></div>",
                "description": "",
                "_link": "course/en/course.json"
            },
            {
                "_type": "link",
                "title": "<div align='center'><img class='download-image' src='adapt/css/assets/download.png'><p class='downloadp'>Download scorm package</p></div>",
                "description": "",
                "_link": "course/en/data/scorm.zip"
            },
            {
                "_type": "link",
                "title": "Open data certificate",
                "description": "<span class='open-data-certificate'><img alt='Badge' src='adapt/css/assets/badge.png'/><ul class='open-data-certificate-details'> <li> <span>Open: ODI eLearning Data</span> </li> <li> <span>Pilot Open Data Certificate (final)</span> </li> <li> <span>Active - self certified</span> </li> </ul> </span>",
                "_link": "https://certificates.theodi.org/datasets/25215/certificate"
            },
            {
                "_type": "link",
                "title": "Open licence",
                "description": "<div align='center'><img alt='Creative Commons Licence' style='border-width:0' src='adapt/css/assets/licence.png' /></div><br /><span xmlns:dct='http://purl.org/dc/terms/' property='dct:title'>Learning open data</span> by <span xmlns:cc='http://creativecommons.org/ns# property='cc:attributionName'>Open Data Institute</span> is licensed under a Creative Commons Attribution-ShareAlike 4.0 International License.",
                "_link": "http://creativecommons.org/licenses/by-sa/4.0/"
            },
           {
                "_type": "link",
                "title": "Content usage",
                "description": "The content, including text and structure is available for you to <em>use</em>, <em>reuse</em> and <em>share</em> (including for commercial purposes) subject to the conditions of the license above.",
                "_link": ""
           },
           {
                "_type": "link",
                "title": "Exclusions",
                "description": "This license does not cover: <ul><li>Logos and trade marks belonging to the Open Data Institute</li><li>Third party content (such as images)</li></ul>",
                "_link": ""
           },
           {
                "_type": "link",
                "title": "Non-endorsement",
                "description": "This licence does not grant you any right to use the Information in a way that suggests any official status or that the Information Provider and/or Licensor endorse you or your use of the Information.",
                "_link": ""
           },
           {
                "_type": "link",
                "title": "No warranty",
                "description": "The Information is licensed 'as is'. The Open Data Institute is not liable for any errors or omissions in the Information and shall not be liable for any loss, injury or damage of any kind caused by its use. The Information Provider does not guarantee the continued supply of the Information.",
                "_link": ""
           }
       ]
    },
    {
        "title": "About",
        "description": "Discover about how these modules were created.",
        "_filterButtons": {
            "all": "All",
            "document": "PDF",
            "media": "Media",
            "link": "Link"
        },
        "_resourcesItems": [
            {
                "_type": "link",
                "title": "ODI Training Team",
                "description": "<div align='center'><img alt='ODI' style='border-width:0' src='adapt/css/assets/odi-logo.png' /></div><br />Expert knowledge, content development and learning plans provided by the by <span xmlns:cc='http://creativecommons.org/ns# property='cc:attributionName'>Open Data Institute</span> training team.",
                "_link": "http://theodi.org/training_team"
            },
            {
                "_type": "link",
                "title": "Sponge UK",
                "description": "<div align='center'><img alt='Sponge UK' style='border-width:0' src='adapt/css/assets/sponge.png' /></div><br />Learning solutions, content production and eLearning expertise provided by <span xmlns:cc='http://creativecommons.org/ns# property='cc:attributionName'>Sponge UK</span>.",
                "_link": "http://www.spongeuk.com"
            },
            {
                "_type": "link",
                "title": "Adapt learning",
                "description": "<div align='center'><img alt='Adapt learning' style='border-width:0' src='adapt/css/assets/adapt.png' /></div><br />Open source learning platform developed by <span xmlns:cc='http://creativecommons.org/ns# property='cc:attributionName'>Adapt learning</span>.",
                "_link": "https://community.adaptlearning.org/"
            }
        ]
    }
]
}
