[
    {
        "_id":"a-01",
        "_parentId":"co-01",
        "_type":"article",
        "_classes":"header",
        "_trickle": {
            "_isEnabled":false,
            "button": "Continue to next question?"
        },
	"_assessment": {
	    "_isEnabled" : true,
	    "_showFeedback" : false,
	    "_isPercentageBased" : true,
	    "_scoreToPass" : 60,
	    "_completionMessage" : {
	        "title" : "You have finished the assessment",
	        "message": "You have scored [SCORE] out of [MAXSCORE].  [FEEDBACK]"
	    },
	    "_bands": [
	        {
	            "_score": 0,
	            "feedback": "You must try harder"
	        },
	        {
	            "_score": 25,
	            "feedback": "I think you can do better than this"
	        },
	        {
	            "_score": 50,
	            "feedback": "Good effort, you are getting there..."
	        },
	        {
	            "_score": 75,
	            "feedback": "Excellent!"
	        }
	    ]
    	}	
    }
]
