{
    "_id": "course",
    "_type": "course",
    "title": "À quel point mes données sont-elles utilisables?",
    "displayTitle": "À quel point mes données sont-elles utilisables?",
    "_buttons": {
        "submit": "Submit",
        "reset": "Reset",
        "showCorrectAnswer": "Model Answer",
        "hideCorrectAnswer": "My Answer"
    },
    "_latestTrackingId": 11,
    "_resources": [
    {
        "title": "Resources",
        "description": "Cliquez sur le bouton pour voir les resouces de ce cours",
        "_filterButtons": {
            "all": "All",
            "document": "PDF",
            "media": "Media",
            "link": "Link"
        },
        "_resourcesItems": [
            {
                "_type": "document",
                "title": "Italian digital agency",
                "description": "Lien vers Italian digital agency",
                "_link": "http://spcdata.digitpa.gov.it/data.html"
            },
            {
                "_type": "document",
                "title": "Enel open data",
                "description": "Lien vers Enel open data",
                "_link": "http://data.enel.com/node/4679"
            },
            {
                "_type": "document",
                "title": "Bulgarian open data portal",
                "description": "Lien vers Bulgarian open data portal",
                "_link": "https://opendata.government.bg/dataset/tsentralen-registar-na-yuridicheskite-litsa"
            }
        ]
    },
    {
        "title": "Modules",
        "description": "Passer à une autre module",
        "_filterButtons": {
            "all": "All",
            "document": "PDF",
            "media": "Media",
            "link": "Link"
        },
        "_resourcesItems": [
            {
                "_type": "link",
                "title": "Menu principal",
                "description": "Menu principal",
                "_link": "../"
            },
            {
                "_type": "link",
                "title": "Cours 1",
                "description": "L’open data, c’est quoi ?",
                "_link": "../module1/"
            },
            {
                "_type": "link",
                "title": "Cours 2",
                "description": "Générer de la valeur à partir de l’open data",
                "_link": "../module2/"
            },
            {
                "_type": "link",
                "title": "Cours 3",
                "description": "L’open data. Agent de changement",
                "_link": "../module3/"
            },
            {
                "_type": "link",
                "title": "Cours 4",
                "description": "Quelle est l’importance d’une licence ?",
                "_link": "../module4/"
            },
            {
                "_type": "link",
                "title": "Cours 5",
                "description": "Comment évaluer la qualité de l’open data ?",
                "_link": "../module5/"
            },
            {
                "_type": "link",
                "title": "Cours 6",
                "description": "Mesurer le succès d’open data",
                "_link": "../module6/"
            },
            {
                "_type": "link",
                "title": "Cours 7",
                "description": "Pourquoi se préoccuper de la durabilité ?",
                "_link": "../module7/"
            },
            {
                "_type": "link",
                "title": "Cours 8",
                "description": "Maîtriser les plateformes d'open data",
                "_link": "../module8/"
            },
            {
                "_type": "link",
                "title": "Cours 9",
                "description": "Choisir le bon format pour l’open data",
                "_link": "../module9/"
            },
            {
                "_type": "link",
                "title": "Cours 10",
                "description": "À quel point mes données sont-elles utilisables?",
                "_link": "../module10/"
            },
            {
                "_type": "link",
                "title": "Cours 11",
                "description": "Comment nettoyer les données",
                "_link": "../module11/"
            },
            {
                "_type": "link",
                "title": "Cours 12",
                "description": "Trouver les données cachées sur le Web",
                "_link": "../module12/"
            },
            {
                "_type": "link",
                "title": "Cours 13",
                "description": "Lier le Web des données",
                "_link": "../module13/"
            }
        ]
    },
    {
        "title": "Crédits d'images",
        "description": "Cliquez sur le bouton pour voir les crédits d'images de ce cours",
        "_filterButtons": {
            "all": "All",
            "document": "PDF",
            "media": "Media",
            "link": "Link"
        },
        "_resourcesItems": [
            {
                "_type": "link",
        "title": "5 stars of open data",
        "description": "Source: Shutterstock<br\/>Crédit: vs148<br\/>Licence: ",
        "_link": "http:\/\/www.shutterstock.com\/pic.mhtml?id=171677003&src=lb-36497927"
    },
    {
        "_type": "link",
        "title": "The first 3 stars",
        "description": "Source: Shutterstock<br\/>Crédit: vs148<br\/>Licence: ",
        "_link": "http:\/\/www.shutterstock.com\/pic.mhtml?id=188328170&src=lb-36497927"
    },
    {
        "_type": "link",
        "title": "Star 1 - Checking the license",
        "description": "Source: Shutterstock<br\/>Crédit: vs148<br\/>Licence: ",
        "_link": "http:\/\/www.shutterstock.com\/pic.mhtml?id=148686812&src=lb-36497927"
    },
    {
        "_type": "link",
        "title": "Star 2 - checking usability",
        "description": "Source: Shutterstock<br\/>Crédit: vs148<br\/>Licence: ",
        "_link": "http:\/\/www.shutterstock.com\/pic.mhtml?id=144334663&src=lb-36497927"
    },
    {
        "_type": "link",
        "title": "Star 3 - checking openness",
        "description": "Source: Shutterstock<br\/>Crédit: vs148<br\/>Licence: ",
        "_link": "http:\/\/www.shutterstock.com\/pic.mhtml?id=142601674&src=lb-36497927"
    },
    {
        "_type": "link",
        "title": "Summary icon clipboard",
        "description": "Source: Shutterstock<br\/>Crédit: Kritchanut<br\/>Licence: ",
        "_link": "http:\/\/www.shutterstock.com\/pic-189810137.html"
    },
    {
        "_type": "link",
        "title": "Open data institute logo",
        "description": "Source: The Open Data Institute<br\/>Crédit: The Open Data Institute<br\/>Licence: ",
        "_link": "http:\/\/theodi.org"
            }	
	]
    },
    {
        "title": "les crédits des musiques",
        "description": "Cliquez sur le bouton pour voir les crédits des musique de ce cours",
        "_filterButtons": {
            "all": "All",
            "document": "PDF",
            "media": "Media",
            "link": "Link"
        },
        "_resourcesItems": [
        {
        "_type": "link",
        "title": "Your World - Delicate Beats",
        "description": "Source: Premium Beat<br\/>Crédit: leromin<br\/>Licence: Premium Beat Standard License",
        "_link": "http:\/\/www.premiumbeat.com\/royalty_free_music/songs/your-world"
    }
    ]
    },
    {
        "title": "L'open data",
        "description": "Utiliser le contenu de ce module en tant qu'open data",
        "_filterButtons": {
            "all": "All",
            "document": "PDF",
            "media": "Media",
            "link": "Link"
        },
        "_resourcesItems": [
            {
                "_type": "link",
                "title": "Open data",
                "description": "<div align='center'><img alt='Creative Commons Licence' style='border-width:0' src='https://i.creativecommons.org/l/by-sa/4.0/88x31.png' /></div><br /><span xmlns:dct='http://purl.org/dc/terms/' property='dct:title'>Learning open data</span> by <span xmlns:cc='http://creativecommons.org/ns# property='cc:attributionName'>Open Data Institute</span> is licensed under a Creative Commons Attribution-ShareAlike 4.0 International License.",
                "_link": "http://creativecommons.org/licenses/by-sa/4.0/"
            },
	    {
                "_type": "link",
                "title": "Content licence",
                "description": "The content, including text and structure is available for you to <em>use</em>, <em>reuse</em> and <em>share</em> (including for commercial purposes) subject to the conditions of the license above.",
                "_link": ""
	    },
	    {
                "_type": "link",
                "title": "Exclusions",
                "description": "This license does not cover: <ul><li>Logos and trade marks belonging to the Open Data Institute</li><li>Third party content (such as images)</li></ul>",
                "_link": ""
	    },
	    {
                "_type": "link",
                "title": "Non-endorsement",
                "description": "This licence does not grant you any right to use the Information in a way that suggests any official status or that the Information Provider and/or Licensor endorse you or your use of the Information.",
                "_link": ""
	    },
	    {
                "_type": "link",
                "title": "No warranty",
                "description": "The Information is licensed 'as is'. The Open Data Institute is not liable for any errors or omissions in the Information and shall not be liable for any loss, injury or damage of any kind caused by its use. The Information Provider does not guarantee the continued supply of the Information.",
                "_link": ""
	    }
	]
    }
]
}
