{
    "_id": "course",
    "_type": "course",
    "title": "Comparing open data initiatives",
    "displayTitle": "Comparing open data initiatives",
    "_buttons": {
        "submit": "Submit",
        "reset": "Reset",
        "showCorrectAnswer": "Model Answer",
        "hideCorrectAnswer": "My Answer"
    },
    "_latestTrackingId": 10,
    "_resources": [
    {
        "title": "Resources",
        "description": "Cliquez sur le bouton pour voir les resouces de ce cours",
        "_filterButtons": {
            "all": "All",
            "document": "PDF",
            "media": "Media",
            "link": "Link"
        },
        "_resourcesItems": [
            {
                "_type": "link",
                "title": "Open Data Barometer",
                "description": "Lien vers the Open Data Barometer",
                "_link": "http://barometer.opendataresearch.org/"
            },
            {
                "_type": "link",
                "title": "Plume labs",
                "description": "Lien vers Plume labs",
                "_link": "https://www.plumelabs.com/"
            },
            {
                "_type": "link",
                "title": "Thomson Reuters site",
                "description": "Lien vers Thomson Reuters site",
                "_link": "http://site.thomsonreuters.com/site/data-identifiers/"
            },
            {
                "_type": "link",
                "title": "Swiss crash map",
                "description": "Lien vers Swiss crash map",
                "_link": "http://unfallkarte.ch/en/"
            },
            {
                "_type": "link",
                "title": "FixMyStreet programme",
                "description": "Lien vers FixMyStreet programme",
                "_link": "https://www.fixmystreet.com/"
            },
            {
                "_type": "link",
                "title": "Barometer for Sweden",
                "description": "Lien vers the barometer for Sweden",
                "_link": "http://theodi.github.io/open-data-barometer-viz/"
            }
        ]
    },
    {
        "title": "Modules",
        "description": "Changer à une autre module",
        "_filterButtons": {
            "all": "All",
            "document": "PDF",
            "media": "Media",
            "link": "Link"
        },
        "_resourcesItems": [
            {
                "_type": "link",
                "title": "Main menu",
                "description": "Main menu",
                "_link": "../"
            },
            {
                "_type": "link",
                "title": "Module 1",
                "description": "What is open data?",
                "_link": "../module1/"
            },
            {
                "_type": "link",
                "title": "Module 2",
                "description": "Unlocking value from open data",
                "_link": "../module2/"
            },
            {
                "_type": "link",
                "title": "Module 3",
                "description": "Open data. Agent of change.",
                "_link": "../module3/"
            },
            {
                "_type": "link",
                "title": "Module 4",
                "description": "Why do we need to license?",
                "_link": "../module4/"
            },
            {
                "_type": "link",
                "title": "Module 5",
                "description": "Assessing open data quality",
                "_link": "../module5/"
            },
            {
                "_type": "link",
                "title": "Module 6",
                "description": "Measuring success",
                "_link": "../module6/"
            },
            {
                "_type": "link",
                "title": "Module 7",
                "description": "Sustainability",
                "_link": "../module7/"
            },
            {
                "_type": "link",
                "title": "Module 8",
                "description": "Open data platforms",
                "_link": "../module8/"
            },
            {
                "_type": "link",
                "title": "Module 9",
                "description": "Open data formats",
                "_link": "../module9/"
            },
            {
                "_type": "link",
                "title": "Module 10",
                "description": "How usable is my data?",
                "_link": "../module10/"
            },
            {
                "_type": "link",
                "title": "Module 11",
                "description": "Turning data into diamonds",
                "_link": "../module11/"
            },
            {
                "_type": "link",
                "title": "Module 12",
                "description": "Excavating hidden data",
                "_link": "../module12/"
            },
            {
                "_type": "link",
                "title": "Module 13",
                "description": "Linking up the web of data",
                "_link": "../module13/"
            }
        ]
    },
    {
        "title": "Crédits d'images",
        "description": "Cliquez sur le bouton pour voir les crédits d'images de ce cours",
        "_filterButtons": {
            "all": "All",
            "document": "PDF",
            "media": "Media",
            "link": "Link"
        },
        "_resourcesItems": [
            {
                "_type": "link",
                "title": "Measuring success",
                "description": "Source: Shutterstock<br/>Crédit: 501room<br/>Licence: Shutterstock Standard License",
                "_link": "http://www.shutterstock.com/pic-120780490.html"
            },
            {
                "_type": "link",
                "title": "Readiness",
                "description": "Source: Shutterstock<br/>Crédit: Ozerina Anna<br/>Licence: Ozerina Anna",
                "_link": "http://www.shutterstock.com/pic-203239417.html"
            },
            {
                "_type": "link",
                "title": "Implementation",
                "description": "Source: Shutterstock<br/>Crédit: JeKh<br/>Licence: Shutterstock Standard License",
                "_link": "http://www.shutterstock.com/pic-259560827.html"
            },
            {
                "_type": "link",
                "title": "Impact",
                "description": "Source: Shutterstock<br/>Crédit: Oleksiy Mark<br/>Licence: Shutterstock Standard License",
                "_link": "http://www.shutterstock.com/pic-173642015.html"
            },
            {
                "_type": "link",
                "title": "Focussing on demand",
                "description": "Source: Shutterstock<br/>Crédit: Leone_V<br/>Licence: Shutterstock Standard License",
                "_link": "http://www.shutterstock.com/pic-154597898.html"
            },
            {
                "_type": "link",
                "title": "Process management",
                "description": "Source: Shutterstock<br/>Crédit: Ieromin<br/>Licence: Shutterstock Standard License",
                "_link": "http://www.shutterstock.com/pic-174926546.html"
            },
            {
                "_type": "link",
                "title": "User focused",
                "description": "Source: Shutterstock<br/>Crédit: Studio_G<br/>Licence: Shutterstock Standard License",
                "_link": "http://www.shutterstock.com/pic-223607656.html"
            },
            {
                "_type": "link",
                "title": "Summary icon clipboard",
                "description": "Source: Shutterstock<br/>Crédit: Kritchanut<br/>Licence: Shutterstock Standard License",
                "_link": "http://www.shutterstock.com/pic-189810137.html"
            },
            {
                "_type": "link",
                "title": "Open data institute logo",
                "description": "Source: The Open Data Institute<br/>Crédit: The Open Data Institute<br/>Licence: All rights reserved",
                "_link": "http://theodi.org"
            }	
	]
    },
    {
        "title": "les crédits des musiques",
        "description": "Cliquez sur le bouton pour voir les crédits des musique de ce cours",
        "_filterButtons": {
            "all": "All",
            "document": "PDF",
            "media": "Media",
            "link": "Link"
        },
        "_resourcesItems": [
        {
        "_type": "link",
        "title": "Your World - Delicate Beats",
        "description": "Source: Premium Beat<br\/>Crédit: leromin<br\/>Licence: Premium Beat Standard License",
        "_link": "http:\/\/www.premiumbeat.com\/royalty_free_music/songs/your-world"
    }
    ]
    },
    {
        "title": "L'open data",
        "description": "Utiliser le contenu de ce module en tant qu'open data",
        "_filterButtons": {
            "all": "All",
            "document": "PDF",
            "media": "Media",
            "link": "Link"
        },
        "_resourcesItems": [
            {
                "_type": "link",
                "title": "Open data",
                "description": "<div align='center'><img alt='Creative Commons Licence' style='border-width:0' src='https://i.creativecommons.org/l/by-sa/4.0/88x31.png' /></div><br /><span xmlns:dct='http://purl.org/dc/terms/' property='dct:title'>Learning open data</span> by <span xmlns:cc='http://creativecommons.org/ns# property='cc:attributionName'>Open Data Institute</span> is licensed under a Creative Commons Attribution-ShareAlike 4.0 International License.",
                "_link": "http://creativecommons.org/licenses/by-sa/4.0/"
            },
	    {
                "_type": "link",
                "title": "Content licence",
                "description": "The content, including text and structure is available for you to <em>use</em>, <em>reuse</em> and <em>share</em> (including for commercial purposes) subject to the conditions of the license above.",
                "_link": ""
	    },
	    {
                "_type": "link",
                "title": "Exclusions",
                "description": "This license does not cover: <ul><li>Logos and trade marks belonging to the Open Data Institute</li><li>Third party content (such as images)</li></ul>",
                "_link": ""
	    },
	    {
                "_type": "link",
                "title": "Non-endorsement",
                "description": "This licence does not grant you any right to use the Information in a way that suggests any official status or that the Information Provider and/or Licensor endorse you or your use of the Information.",
                "_link": ""
	    },
	    {
                "_type": "link",
                "title": "No warranty",
                "description": "The Information is licensed 'as is'. The Open Data Institute is not liable for any errors or omissions in the Information and shall not be liable for any loss, injury or damage of any kind caused by its use. The Information Provider does not guarantee the continued supply of the Information.",
                "_link": ""
	    }
	]
    }
]
}
