{
  "title": "Linking up the web of data",
  "displayTitle": "Linking up the web of data",
  "_latestTrackingId": 10,
  "_learningOutcomes": [
    {
      "outcome": "Describe the importance of persistent identifiers for data",
      "credits": 10,
      "badge": "strategist"
    },
    {
      "outcome": "Define linked open data",
      "credits": 5,
      "badge": "strategist"
    }
  ],
  "_resources": [
    {
      "title": "Modules",
      "description": "Switch to another module",
      "_filterButtons": {
        "all": "All",
        "document": "PDF",
        "media": "Media",
        "link": "Link"
      },
      "_resourcesItems": [
        {
          "_type": "link",
          "_local": "true",
          "title": "<span class='side-single-title'>Main menu</span>",
          "_link": "../index.html"
        },
        {
          "_type": "link",
          "_local": "true",
          "title": "<object type='image/svg+xml' class='badge-icon-small' data='adapt/css/assets/badges/pathfinder.svg'><svg xmlns='http://www.w3.org/2000/svg' version='1.1' class='badge-icon-small'><image class='badge-icon-small' xmlns:xlink='http://www.w3.org/1999/xlink' xlink:href='adapt/css/assets/badges/pathfinder.svg' src='adapt/css/assets/badges/pathfinder.png'></image></svg></object>Pathfinder 1<span class='sidebar-module-progress' id='ODI_1_tick_sidebar'></span>",
          "description": "What is open data?",
          "_link": "../module1/"
        },
        {
          "_type": "link",
          "_local": "true",
          "title": "<object type='image/svg+xml' class='badge-icon-small' data='adapt/css/assets/badges/pathfinder.svg'><svg xmlns='http://www.w3.org/2000/svg' version='1.1' class='badge-icon-small'><image class='badge-icon-small' xmlns:xlink='http://www.w3.org/1999/xlink' xlink:href='adapt/css/assets/badges/pathfinder.svg' src='adapt/css/assets/badges/pathfinder.png'></image></svg></object>Pathfinder 2<span class='sidebar-module-progress' id='ODI_2_tick_sidebar'></span>",
          "description": "Unlocking value from open data",
          "_link": "../module2/"
        },
        {
          "_type": "link",
          "_local": "true",
          "title": "<object type='image/svg+xml' class='badge-icon-small' data='adapt/css/assets/badges/pathfinder.svg'><svg xmlns='http://www.w3.org/2000/svg' version='1.1' class='badge-icon-small'><image class='badge-icon-small' xmlns:xlink='http://www.w3.org/1999/xlink' xlink:href='adapt/css/assets/badges/pathfinder.svg' src='adapt/css/assets/badges/pathfinder.png'></image></svg></object>Pathfinder 3<span class='sidebar-module-progress' id='ODI_3_tick_sidebar'></span>",
          "description": "Open data. Agent of change.",
          "_link": "../module3/"
        },
        {
          "_type": "link",
          "_local": "true",
          "title": "<object type='image/svg+xml' class='badge-icon-small' data='adapt/css/assets/badges/adventurer.svg'><svg xmlns='http://www.w3.org/2000/svg' version='1.1' class='badge-icon-small'><image class='badge-icon-small' xmlns:xlink='http://www.w3.org/1999/xlink' xlink:href='adapt/css/assets/badges/adventurer.svg' src='adapt/css/assets/badges/adventurer.png'></image></svg></object>Adventurer 1<span class='sidebar-module-progress' id='ODI_4_tick_sidebar'></span>",
          "description": "Why do we need to license?",
          "_link": "../module4/"
        },
        {
          "_type": "link",
          "_local": "true",
          "title": "<object type='image/svg+xml' class='badge-icon-small' data='adapt/css/assets/badges/adventurer.svg'><svg xmlns='http://www.w3.org/2000/svg' version='1.1' class='badge-icon-small'><image class='badge-icon-small' xmlns:xlink='http://www.w3.org/1999/xlink' xlink:href='adapt/css/assets/badges/adventurer.svg' src='adapt/css/assets/badges/adventurer.png'></image></svg></object>Adventurer 2<span class='sidebar-module-progress' id='ODI_5_tick_sidebar'></span>",
          "description": "What makes quality open data?",
          "_link": "../module5/"
        },
        {
          "_type": "link",
          "_local": "true",
          "title": "<object type='image/svg+xml' class='badge-icon-small' data='adapt/css/assets/badges/adventurer.svg'><svg xmlns='http://www.w3.org/2000/svg' version='1.1' class='badge-icon-small'><image class='badge-icon-small' xmlns:xlink='http://www.w3.org/1999/xlink' xlink:href='adapt/css/assets/badges/adventurer.svg' src='adapt/css/assets/badges/adventurer.png'></image></svg></object>Adventurer 3<span class='sidebar-module-progress' id='ODI_6_tick_sidebar'></span>",
          "description": "Measuring success for open data",
          "_link": "../module6/"
        },
        {
          "_type": "link",
          "_local": "true",
          "title": "<object type='image/svg+xml' class='badge-icon-small' data='adapt/css/assets/badges/planner.svg'><svg xmlns='http://www.w3.org/2000/svg' version='1.1' class='badge-icon-small'><image class='badge-icon-small' xmlns:xlink='http://www.w3.org/1999/xlink' xlink:href='adapt/css/assets/badges/planner.svg' src='adapt/css/assets/badges/planner.png'></image></svg></object>Planner 1<span class='sidebar-module-progress' id='ODI_7_tick_sidebar'></span>",
          "description": "Why should we worry about sustainability?",
          "_link": "../module7/"
        },
        {
          "_type": "link",
          "_local": "true",
          "title": "<object type='image/svg+xml' class='badge-icon-small' data='adapt/css/assets/badges/technician.svg'><svg xmlns='http://www.w3.org/2000/svg' version='1.1' class='badge-icon-small'><image class='badge-icon-small' xmlns:xlink='http://www.w3.org/1999/xlink' xlink:href='adapt/css/assets/badges/technician.svg' src='adapt/css/assets/badges/technician.png'></image></svg></object>Technician 1<span class='sidebar-module-progress' id='ODI_8_tick_sidebar'></span>",
          "description": "Getting to grips with platforms",
          "_link": "../module8/"
        },
        {
          "_type": "link",
          "_local": "true",
          "title": "<object type='image/svg+xml' class='badge-icon-small' data='adapt/css/assets/badges/technician.svg'><svg xmlns='http://www.w3.org/2000/svg' version='1.1' class='badge-icon-small'><image class='badge-icon-small' xmlns:xlink='http://www.w3.org/1999/xlink' xlink:href='adapt/css/assets/badges/technician.svg' src='adapt/css/assets/badges/technician.png'></image></svg></object>Technician 2<span class='sidebar-module-progress' id='ODI_9_tick_sidebar'></span>",
          "description": "Choosing the right format for open data",
          "_link": "../module9/"
        },
        {
          "_type": "link",
          "_local": "true",
          "title": "<object type='image/svg+xml' class='badge-icon-small' data='adapt/css/assets/badges/planner.svg'><svg xmlns='http://www.w3.org/2000/svg' version='1.1' class='badge-icon-small'><image class='badge-icon-small' xmlns:xlink='http://www.w3.org/1999/xlink' xlink:href='adapt/css/assets/badges/planner.svg' src='adapt/css/assets/badges/planner.png'></image></svg></object>Planner 2<span class='sidebar-module-progress' id='ODI_10_tick_sidebar'></span>",
          "description": "How useful is my data?",
          "_link": "../module10/"
        },
        {
          "_type": "link",
          "_local": "true",
          "title": "<object type='image/svg+xml' class='badge-icon-small' data='adapt/css/assets/badges/technician.svg'><svg xmlns='http://www.w3.org/2000/svg' version='1.1' class='badge-icon-small'><image class='badge-icon-small' xmlns:xlink='http://www.w3.org/1999/xlink' xlink:href='adapt/css/assets/badges/technician.svg' src='adapt/css/assets/badges/technician.png'></image></svg></object>Technician 3<span class='sidebar-module-progress' id='ODI_11_tick_sidebar'></span>",
          "description": "How to clean your data",
          "_link": "../module11/"
        },
        {
          "_type": "link",
          "_local": "true",
          "title": "<object type='image/svg+xml' class='badge-icon-small' data='adapt/css/assets/badges/technician.svg'><svg xmlns='http://www.w3.org/2000/svg' version='1.1' class='badge-icon-small'><image class='badge-icon-small' xmlns:xlink='http://www.w3.org/1999/xlink' xlink:href='adapt/css/assets/badges/technician.svg' src='adapt/css/assets/badges/technician.png'></image></svg></object>Technician 4<span class='sidebar-module-progress' id='ODI_12_tick_sidebar'></span>",
          "description": "Finding hidden data on the web",
          "_link": "../module12/"
        },
        {
          "_type": "link",
          "_local": "true",
          "title": "<object type='image/svg+xml' class='badge-icon-small' data='adapt/css/assets/badges/planner.svg'><svg xmlns='http://www.w3.org/2000/svg' version='1.1' class='badge-icon-small'><image class='badge-icon-small' xmlns:xlink='http://www.w3.org/1999/xlink' xlink:href='adapt/css/assets/badges/planner.svg' src='adapt/css/assets/badges/planner.png'></image></svg></object>Planner 3<span class='sidebar-module-progress' id='ODI_13_tick_sidebar'></span>",
          "description": "Linking up the web of data",
          "_link": "../module13/"
        }
      ]
    },
    {
      "title": "Progress tracker",
      "description": "Earn all your open data badges",
      "_filterButtons": {
        "all": "All",
        "document": "PDF",
        "media": "Media",
        "link": "Link"
      },
      "_resourcesItems": [
        {
          "title": "<object type='image/svg+xml' class='badge-icon-medium' data='adapt/css/assets/badges/pathfinder.svg'><svg xmlns='http://www.w3.org/2000/svg' version='1.1' class='badge-icon-medium'><image class='badge-icon-medium' xmlns:xlink='http://www.w3.org/1999/xlink' xlink:href='adapt/css/assets/badges/pathfinder.svg' src='adapt/css/assets/badges/pathfinder.png'></image></svg></object><span class='side-badge-title'>Pathfinder</span><p class='sidebar-progress' id='pathfinder-overall-side'>-</p>",
          "description": ""
        },
        {
          "title": "<object type='image/svg+xml' class='badge-icon-medium' data='adapt/css/assets/badges/adventurer.svg'><svg xmlns='http://www.w3.org/2000/svg' version='1.1' class='badge-icon-medium'><image class='badge-icon-medium' xmlns:xlink='http://www.w3.org/1999/xlink' xlink:href='adapt/css/assets/badges/adventurer.svg' src='adapt/css/assets/badges/adventurer.png'></image></svg></object><span class='side-badge-title'>Adventurer</span><p class='sidebar-progress' id='adventurer-overall-side'>-</p>",
          "description": ""
        },
        {
          "title": "<object type='image/svg+xml' class='badge-icon-medium' data='adapt/css/assets/badges/planner.svg'><svg xmlns='http://www.w3.org/2000/svg' version='1.1' class='badge-icon-medium'><image class='badge-icon-medium' xmlns:xlink='http://www.w3.org/1999/xlink' xlink:href='adapt/css/assets/badges/planner.svg' src='adapt/css/assets/badges/planner.png'></image></svg></object><span class='side-badge-title'>Planner</span><p class='sidebar-progress' id='planner-overall-side'>-</p>",
          "description": ""
        },
        {
          "title": "<object type='image/svg+xml' class='badge-icon-medium' data='adapt/css/assets/badges/technician.svg'><svg xmlns='http://www.w3.org/2000/svg' version='1.1' class='badge-icon-medium'><image class='badge-icon-medium' xmlns:xlink='http://www.w3.org/1999/xlink' xlink:href='adapt/css/assets/badges/technician.svg' src='adapt/css/assets/badges/technician.png'></image></svg></object><span class='side-badge-title'>Technician</span><p class='sidebar-progress' id='technician-overall-side'>-</p>",
          "description": ""
        }
      ]
    },
    {
      "title": "Resources",
      "description": "View additional module resources",
      "_filterButtons": {
        "all": "All",
        "document": "PDF",
        "media": "Media",
        "link": "Link"
      },
      "_resourcesItems": [
        {
          "_type": "link",
          "title": "Microsoft Pivot talk",
          "description": "Take me to Microsoft Pivot talk",
          "_link": "http://www.ted.com/talks/gary_flake_is_pivot_a_turning_point_for_web_exploration?language=en"
        },
        {
          "_type": "link",
          "title": "Cool URI definition",
          "description": "Take me to cool URI definition",
          "_link": "http://www.w3.org/TR/cooluris/"
        },
        {
          "_type": "link",
          "title": "RDF browser",
          "description": "Take me to RDF browser",
          "_link": "http://graphite.ecs.soton.ac.uk/browser/"
        }
      ]
    },
    {
      "title": "Credits and attribution",
      "description": "View attribution for licensed content",
      "_filterButtons": {
        "all": "All",
        "document": "PDF",
        "media": "Media",
        "link": "Link"
      },
      "_resourcesItems": [
        {
          "_type": "link",
          "title": "What os the web of data?",
          "description": "Source: Shutterstock<br/>Credit: Anna Frajtova<br/>Licence: Shutterstock Standard License",
          "_link": "http://www.shutterstock.com/pic-137240846"
        },
        {
          "_type": "link",
          "title": "Linking up the web of data",
          "description": "Source: Shutterstock<br/>Credit: Monash<br/>Licence: Shutterstock Standard License",
          "_link": "http://www.shutterstock.com/pic-221630044"
        },
        {
          "_type": "link",
          "title": "What can LOD do?",
          "description": "Source: Shutterstock<br/>Credit: Sentavio<br/>Licence: Shutterstock Standard License",
          "_link": "http://www.shutterstock.com/pic-230811505"
        },
        {
          "_type": "link",
          "title": "Stars",
          "description": "Source: Shutterstock<br/>Credit: Kletr<br/>Licence: Shutterstock Standard License",
          "_link": "http://www.shutterstock.com/pic-109300883"
        },
        {
          "_type": "link",
          "title": "4th Star",
          "description": "Source: Shutterstock<br/>Credit: Tarchyshnik Andrei<br/>Licence: Shutterstock Standard License",
          "_link": "http://www.shutterstock.com/pic.mhtml?id=180739841&src=lb-36497927"
        },
        {
          "_type": "link",
          "title": "5th Star",
          "description": "Source: Shutterstock<br/>Credit: Omelchenko<br/>Licence: Shutterstock Standard License",
          "_link": "http://www.shutterstock.com/pic-245326720"
        },
        {
          "_type": "link",
          "title": "Summary icon clipboard",
          "description": "Source: Shutterstock<br/>Credit: Kritchanut<br/>Licence: Shutterstock Standard License",
          "_link": "http://www.shutterstock.com/pic-189810137.html"
        },
        {
          "_type": "link",
          "title": "Open data institute logo",
          "description": "Source: The Open Data Institute<br/>Credit: The Open Data Institute<br/>Licence: All rights reserved",
          "_link": "http://theodi.org"
        },
        {
          "_type": "link",
          "title": "Your World - Delicate Beats",
          "description": "Source: Premium Beat<br/>Credit: leromin<br/>Licence: Premium Beat Standard License",
          "_link": "http://www.premiumbeat.com/royalty_free_music/songs/your-world"
        }
      ]
    },
    {
      "title": "Open data",
      "description": "Download and use module content",
      "_filterButtons": {
        "all": "All",
        "document": "PDF",
        "media": "Media",
        "link": "Link"
      },
      "_resourcesItems": [
        {
          "_type": "link",
          "title": "<div align='center'><img class='download-image' src='adapt/css/assets/download.png'><p class='downloadp'>Download menu data</p></div>",
          "description": "",
          "_link": "course/en/components.json"
        },
        {
          "_type": "link",
          "title": "<div align='center'><img class='download-image' src='adapt/css/assets/download.png'><p class='downloadp'>Download sidebar data</p></div>",
          "description": "",
          "_link": "course/en/course.json"
        },
        {
          "_type": "link",
          "title": "<div align='center'><img class='download-image' src='adapt/css/assets/download.png'><p class='downloadp'>Download scorm package</p></div>",
          "description": "",
          "_link": "course/en/data/scorm.zip"
        },
        {
          "_type": "link",
          "title": "Open data certificate",
          "description": "<span class='open-data-certificate'><img alt='Badge' src='adapt/css/assets/badge.png'/><ul class='open-data-certificate-details'> <li> <span>Open: ODI eLearning Data</span> </li> <li> <span>Pilot Open Data Certificate (final)</span> </li> <li> <span>Active - self certified</span> </li> </ul> </span>",
          "_link": "https://certificates.theodi.org/datasets/25215/certificate"
        },
        {
          "_type": "link",
          "title": "Open licence",
          "description": "<div align='center'><img alt='Creative Commons Licence' style='border-width:0' src='https://i.creativecommons.org/l/by-sa/4.0/88x31.png' /></div><br /><span xmlns:dct='http://purl.org/dc/terms/' property='dct:title'>Learning open data</span> by <span xmlns:cc='http://creativecommons.org/ns# property='cc:attributionName'>Open Data Institute</span> is licensed under a Creative Commons Attribution-ShareAlike 4.0 International License.",
          "_link": "http://creativecommons.org/licenses/by-sa/4.0/"
        },
        {
          "title": "Content usage",
          "description": "The content, including text and structure is available for you to <em>use</em>, <em>reuse</em> and <em>share</em> (including for commercial purposes) subject to the conditions of the license above."
        },
        {
          "title": "Exclusions",
          "description": "This license does not cover: <ul><li>Logos and trade marks belonging to the Open Data Institute</li><li>Third party content (such as images)</li></ul>"
        },
        {
          "title": "Non-endorsement",
          "description": "This licence does not grant you any right to use the Information in a way that suggests any official status or that the Information Provider and/or Licensor endorse you or your use of the Information."
        },
        {
          "title": "No warranty",
          "description": "The Information is licensed 'as is'. The Open Data Institute is not liable for any errors or omissions in the Information and shall not be liable for any loss, injury or damage of any kind caused by its use. The Information Provider does not guarantee the continued supply of the Information."
        }
      ]
    },
    {
      "title": "About",
      "description": "Discover how this learning was created",
      "_filterButtons": {
        "all": "All",
        "document": "PDF",
        "media": "Media",
        "link": "Link"
      },
      "_resourcesItems": [
        {
          "_type": "link",
          "title": "ODI Training Team",
          "description": "<div align='center'><img alt='ODI' style='border-width:0' src='adapt/css/assets/odi-logo.png' /></div><br />Expert knowledge, content development and learning plans provided by the by <span xmlns:cc='http://creativecommons.org/ns# property='cc:attributionName'>Open Data Institute</span> training team.",
          "_link": "http://theodi.org/training_team"
        },
        {
          "_type": "link",
          "title": "European Data Portal",
          "description": "<div align='center'><img alt='EDP' style='border-width:0; max-height: 150px;' src='adapt/css/assets/edp.png' /></div><br />Funding for module development and implementation provided by the <span xmlns:cc='http://creativecommons.org/ns# property='cc:attributionName'>European Data Portal</span>.",
          "_link": "http://www.europeandataportal.eu/"
        },
        {
          "_type": "link",
          "title": "Sponge UK",
          "description": "<div align='center'><img alt='Sponge UK' style='border-width:0' src='adapt/css/assets/sponge.png' /></div><br />Learning solutions, content production and eLearning expertise provided by <span xmlns:cc='http://creativecommons.org/ns# property='cc:attributionName'>Sponge UK</span>.",
          "_link": "http://www.spongeuk.com"
        },
        {
          "_type": "link",
          "title": "Adapt learning",
          "description": "<div align='center'><img alt='Adapt learning' style='border-width:0' src='adapt/css/assets/adapt.png' /></div><br />Open source learning platform developed by <span xmlns:cc='http://creativecommons.org/ns# property='cc:attributionName'>Adapt learning</span>.",
          "_link": "https://community.adaptlearning.org/"
        }
      ]
    }
  ],
  "_id": "course",
  "_type": "course",
  "_buttons": {
    "submit": "Submit",
    "reset": "Reset",
    "showCorrectAnswer": "Model Answer",
    "hideCorrectAnswer": "My Answer"
  }
}